<?xml version="1.0" encoding="UTF-8" standalone="yes"?>
<addon id="script.module.python.requests" name="Python Requests" version="2.16.1" provider-name="Miovi Team">
	<requires>
		<import addon="xbmc.python" version="2.1.0"/>
	</requires>
	<extension point="xbmc.python.module" library="lib" />
	<extension point="xbmc.service" library="lib/__init__.py" start="startup" />
	<extension point="xbmc.addon.metadata">
		<summary>Python HTTP for Humans</summary>
		<description>Python HTTP for Humans in Kodi</description>
		<platform>all</platform>
		<language></language>
		<license>Apache2</license>
	</extension>
</addon>
